{
  "display": {
    "icon": {
      "id": "minecraft:diamond_boots",
      "components": {
        "minecraft:custom_model_data": {
          "strings": [
            "1"
          ]
        }
      }
    },
    "title": {
      "translate": "advancement.projecte.dark_matter_boots",
      "fallback": "Dark Matter Boots"
    },
    "description": {
      "translate": "advancement.projecte.get_dark_matter_boots",
      "fallback": "Get a Dark Matter Boots"
    },
    "frame": "task"
  },
  "parent": "minecraft:projecte/dark_matter",
  "criteria": {
    "get_dark_matter_boots": {
      "trigger": "minecraft:inventory_changed",
      "conditions": {
        "items": [
          {
            "items": [
              "minecraft:diamond_boots"
            ],
            "components": {
              "minecraft:custom_model_data": {
                "strings": [
                  "1"
                ]
              }
            }
          }
        ]
      }
    }
  }
}