{
    "display": {
        "title": {
            "translate": "advancement.projecte.dark_matter.title",
            "fallback": "advancement.projecte.dark_matter.title"
        },
        "description": {
            "translate": "advancement.projecte.dark_matter.description",
            "fallback": "advancement.projecte.dark_matter.description"
        },
        "icon": {
            "id": "minecraft:slime_ball",
            "components": {
                "custom_model_data": {
                    "strings": [
                        "1"
                    ],
                    "floats": [
                        1
                    ]
                }
            }
        },
        "frame": "task",
        "show_toast": true,
        "announce_to_chat": true,
        "hidden": false
    },
    "parent": "minecraft:projecte/bestcoalblock",
    "criteria": {
        "get_dark_matter": {
            "trigger": "minecraft:inventory_changed",
            "conditions": {
                "items": [
                    {
                        "id": "minecraft:slime_ball",
                        "components": {
                            "minecraft:custom_data": {
                                "custom_model_data": 1
                            }
                        }
                    }
                ]
            }
        }
    }
}