{
  "display": {
    "icon": {
      "id": "minecraft:diamond_leggings",
      "components": {
        "minecraft:custom_model_data": {
          "strings": [
            "3"
          ]
        }
      }
    },
    "title": {
      "translate": "advancement.projecte.gem_leggings.title",
      "fallback": "Gravity Leggings"
    },
    "description": {
      "translate": "advancement.projecte.gem_leggings.description",
      "fallback": "Woven with the fabric of spacetime itself, these leggings anchor you to the very core of existence. Every step is a tremor, every stance an immovable object against an unstoppable force."
    },
    "frame": "challenge",
    "show_toast": true,
    "announce_to_chat": true,
    "hidden": false
  },
  "parent": "minecraft:projecte/red_matter_leggings",
  "criteria": {
    "get_gem_leggings": {
      "trigger": "minecraft:inventory_changed",
      "conditions": {
        "items": [
          {
            "items": [
              "minecraft:diamond_leggings"
            ],
            "components": {
              "minecraft:custom_model_data": {
                "strings": [
                  "3"
                ]
              }
            }
          }
        ]
      }
    }
  },
  "rewards": {
    "experience": 300
  }
}