{
  "display": {
    "icon": {
      "id": "minecraft:diamond_chestplate",
      "components": {
        "minecraft:custom_model_data": {
          "strings": [
            "3"
          ]
        }
      }
    },
    "title": {
      "translate": "advancement.projecte.gem_chestplate.title",
      "fallback": "Infernal Chestplate"
    },
    "description": {
      "translate": "advancement.projecte.gem_chestplate.description",
      "fallback": "Infused with the fury of a dying star, this chestplate turns mortal flesh into an unbreakable fortress. Its wearer does not simply endure the flames of battle—they become the inferno."
    },
    "frame": "challenge",
    "show_toast": true,
    "announce_to_chat": true,
    "hidden": false
  },
  "parent": "minecraft:projecte/red_matter_chestplate",
  "criteria": {
    "get_gem_chestplate": {
      "trigger": "minecraft:inventory_changed",
      "conditions": {
        "items": [
          {
            "items": [
              "minecraft:diamond_chestplate"
            ],
            "components": {
              "minecraft:custom_model_data": {
                "strings": [
                  "3"
                ]
              }
            }
          }
        ]
      }
    }
  },
  "rewards": {
    "experience": 300
  }
}