{
  "display": {
    "icon": {
      "id": "minecraft:diamond_boots",
      "components": {
        "minecraft:custom_model_data": {
          "strings": [
            "3"
          ]
        }
      }
    },
    "title": {
      "translate": "advancement.projecte.gem_boots.title",
      "fallback": "Hurricane Boots"
    },
    "description": {
      "translate": "advancement.projecte.gem_boots.description",
      "fallback": "Bound with the untamed spirit of the storm, these boots allow you to tread upon the very air itself. Where others see obstacles, you see only a new path forward, written in wind and fury."
    },
    "frame": "challenge",
    "show_toast": true,
    "announce_to_chat": true,
    "hidden": false
  },
  "parent": "minecraft:projecte/red_matter_boots",
  "criteria": {
    "get_gem_boots": {
      "trigger": "minecraft:inventory_changed",
      "conditions": {
        "items": [
          {
            "items": [
              "minecraft:diamond_boots"
            ],
            "components": {
              "minecraft:custom_model_data": {
                "strings": [
                  "3"
                ]
              }
            }
          }
        ]
      }
    }
  },
  "rewards": {
    "experience": 300
  }
}