{
  "display": {
    "icon": {
      "id": "minecraft:beacon"
    },
    "title": {
      "translate": "advancement.projecte.invincible",
      "fallback": "Invincible"
    },
    "description": {
      "translate": "advancement.projecte.get_all_red_matter_stuff",
      "fallback": "Obtain a full suit of Red Matter Armor and all Red Matter Tools"
    },
    "frame": "challenge",
    "show_toast": true,
    "announce_to_chat": true,
    "hidden": false
  },
  "parent": "minecraft:projecte/red_matter",
  "criteria": {
    "get_pickaxe": {
      "trigger": "minecraft:inventory_changed",
      "conditions": {
        "items": [
          {
            "items": [
              "minecraft:diamond_pickaxe"
            ],
            "components": {
              "minecraft:custom_model_data": {
                "strings": [
                  "2"
                ]
              }
            }
          }
        ]
      }
    },
    "get_sword": {
      "trigger": "minecraft:inventory_changed",
      "conditions": {
        "items": [
          {
            "items": [
              "minecraft:diamond_sword"
            ],
            "components": {
              "minecraft:custom_model_data": {
                "strings": [
                  "2"
                ]
              }
            }
          }
        ]
      }
    },
    "get_axe": {
      "trigger": "minecraft:inventory_changed",
      "conditions": {
        "items": [
          {
            "items": [
              "minecraft:diamond_axe"
            ],
            "components": {
              "minecraft:custom_model_data": {
                "strings": [
                  "2"
                ]
              }
            }
          }
        ]
      }
    },
    "get_shovel": {
      "trigger": "minecraft:inventory_changed",
      "conditions": {
        "items": [
          {
            "items": [
              "minecraft:diamond_shovel"
            ],
            "components": {
              "minecraft:custom_model_data": {
                "strings": [
                  "2"
                ]
              }
            }
          }
        ]
      }
    },
    "get_shears": {
      "trigger": "minecraft:inventory_changed",
      "conditions": {
        "items": [
          {
            "items": [
              "minecraft:shears"
            ],
            "components": {
              "minecraft:custom_model_data": {
                "strings": [
                  "2"
                ]
              }
            }
          }
        ]
      }
    },
    "get_hoe": {
      "trigger": "minecraft:inventory_changed",
      "conditions": {
        "items": [
          {
            "items": [
              "minecraft:diamond_hoe"
            ],
            "components": {
              "minecraft:custom_model_data": {
                "strings": [
                  "8"
                ]
              }
            }
          }
        ]
      }
    },
    "get_helmet": {
      "trigger": "minecraft:inventory_changed",
      "conditions": {
        "items": [
          {
            "items": [
              "minecraft:diamond_helmet"
            ],
            "components": {
              "minecraft:custom_model_data": {
                "strings": [
                  "2"
                ]
              }
            }
          }
        ]
      }
    },
    "get_chestplate": {
      "trigger": "minecraft:inventory_changed",
      "conditions": {
        "items": [
          {
            "items": [
              "minecraft:diamond_chestplate"
            ],
            "components": {
              "minecraft:custom_model_data": {
                "strings": [
                  "2"
                ]
              }
            }
          }
        ]
      }
    },
    "get_leggings": {
      "trigger": "minecraft:inventory_changed",
      "conditions": {
        "items": [
          {
            "items": [
              "minecraft:diamond_leggings"
            ],
            "components": {
              "minecraft:custom_model_data": {
                "strings": [
                  "2"
                ]
              }
            }
          }
        ]
      }
    },
    "get_boots": {
      "trigger": "minecraft:inventory_changed",
      "conditions": {
        "items": [
          {
            "items": [
              "minecraft:diamond_boots"
            ],
            "components": {
              "minecraft:custom_model_data": {
                "strings": [
                  "2"
                ]
              }
            }
          }
        ]
      }
    },
    "get_katar": {
      "trigger": "minecraft:inventory_changed",
      "conditions": {
        "items": [
          {
            "items": [
              "minecraft:diamond_sword"
            ],
            "components": {
              "minecraft:custom_model_data": {
                "strings": [
                  "9"
                ]
              }
            }
          }
        ]
      }
    },
    "get_morning_star": {
      "trigger": "minecraft:inventory_changed",
      "conditions": {
        "items": [
          {
            "items": [
              "minecraft:diamond_axe"
            ],
            "components": {
              "minecraft:custom_model_data": {
                "strings": [
                  "10"
                ]
              }
            }
          }
        ]
      }
    }
  },
  "requirements": [
    [
      "get_pickaxe"
    ],
    [
      "get_sword"
    ],
    [
      "get_axe"
    ],
    [
      "get_shovel"
    ],
    [
      "get_shears"
    ],
    [
      "get_hoe"
    ],
    [
      "get_helmet"
    ],
    [
      "get_chestplate"
    ],
    [
      "get_leggings"
    ],
    [
      "get_boots"
    ],
    [
      "get_katar"
    ],
    [
      "get_morning_star"
    ]
  ],
  "rewards": {
    "experience": 1000
  }
}