{
    "display": {
        "title": {
            "translate": "advancements.projecte.low_divining_rod.title"
        },
        "description": {
            "translate": "advancements.projecte.low_divining_rod.description"
        },
        "icon": {
            "id": "minecraft:stick",
            "components": {
                "custom_model_data": {
                    "strings": [
                        "1"
                    ],
                    "floats": [
                        1
                    ]
                }
            }
        },
        "frame": "goal",
        "show_toast": true,
        "announce_to_chat": true,
        "hidden": false
    },
    "parent": "minecraft:projecte/low_covalence_dust",
    "criteria": {
        "get_item": {
            "trigger": "minecraft:inventory_changed",
            "conditions": {
                "items": [
                    {
                        "items": [
                            "minecraft:stick"
                        ],
                        "components": {
                            "minecraft:custom_data": {
                                "custom_model_data": 1
                            }
                        }
                    }
                ]
            }
        }
    }
}