{
  "display": {
    "icon": {
      "id": "minecraft:glowstone_dust",
      "components": {
        "custom_model_data": {
          "strings": [
            "2"
          ],
          "floats": [
            2
          ]
        }
      }
    },
    "title": {
      "translate": "advancement.projecte.medium_covalence_dust"
    },
    "description": {
      "translate": "advancement.projecte.get_medium_covalence_dust"
    },
    "frame": "task"
  },
  "parent": "minecraft:projecte/root",
  "criteria": {
    "get_medium_covalence_dust": {
      "trigger": "minecraft:inventory_changed",
      "conditions": {
        "items": [
          {
            "items": "minecraft:glowstone_dust",
            "components": {
              "minecraft:custom_model_data": {
                "strings": [
                  "2"
                ]
              }
            }
          }
        ]
      }
    }
  },
  "rewards": {
    "function": "projecte:rewards/covalence_dust"
  }
}