{
  "display": {
    "icon": {
      "id": "minecraft:diamond_chestplate",
      "components": {
        "minecraft:custom_model_data": {
          "strings": [
            "1"
          ]
        }
      }
    },
    "title": {
      "translate": "advancement.projecte.nearly_invincible",
      "fallback": "Nearly Invincible"
    },
    "description": {
      "translate": "advancement.projecte.get_all_dark_matter_armor",
      "fallback": "Obtain a full suit of Dark Matter Armor"
    },
    "frame": "challenge",
    "show_toast": true,
    "announce_to_chat": true,
    "hidden": false
  },
  "parent": "minecraft:projecte/dark_matter",
  "criteria": {
    "get_helmet": {
      "trigger": "minecraft:inventory_changed",
      "conditions": {
        "items": [
          {
            "items": [
              "minecraft:diamond_helmet"
            ],
            "components": {
              "minecraft:custom_model_data": {
                "strings": [
                  "1"
                ]
              }
            }
          }
        ]
      }
    },
    "get_chestplate": {
      "trigger": "minecraft:inventory_changed",
      "conditions": {
        "items": [
          {
            "items": [
              "minecraft:diamond_chestplate"
            ],
            "components": {
              "minecraft:custom_model_data": {
                "strings": [
                  "1"
                ]
              }
            }
          }
        ]
      }
    },
    "get_leggings": {
      "trigger": "minecraft:inventory_changed",
      "conditions": {
        "items": [
          {
            "items": [
              "minecraft:diamond_leggings"
            ],
            "components": {
              "minecraft:custom_model_data": {
                "strings": [
                  "1"
                ]
              }
            }
          }
        ]
      }
    },
    "get_boots": {
      "trigger": "minecraft:inventory_changed",
      "conditions": {
        "items": [
          {
            "items": [
              "minecraft:diamond_boots"
            ],
            "components": {
              "minecraft:custom_model_data": {
                "strings": [
                  "1"
                ]
              }
            }
          }
        ]
      }
    }
  },
  "requirements": [
    [
      "get_helmet"
    ],
    [
      "get_chestplate"
    ],
    [
      "get_leggings"
    ],
    [
      "get_boots"
    ]
  ],
  "rewards": {
    "experience": 500
  }
}