{
  "display": {
    "icon": {
      "id": "minecraft:diamond_sword",
      "components": {
        "minecraft:custom_model_data": {
          "strings": [
            "2"
          ]
        }
      }
    },
    "title": {
      "translate": "advancement.projecte.red_matter_sword",
      "fallback": "Red Matter Sword"
    },
    "description": {
      "translate": "advancement.projecte.get_red_matter_sword",
      "fallback": "Get a Red Matter Sword"
    },
    "frame": "challenge"
  },
  "parent": "minecraft:projecte/red_matter",
  "criteria": {
    "get_red_matter_sword": {
      "trigger": "minecraft:inventory_changed",
      "conditions": {
        "items": [
          {
            "items": [
              "minecraft:diamond_sword"
            ],
            "components": {
              "minecraft:custom_model_data": {
                "strings": [
                  "2"
                ]
              }
            }
          }
        ]
      }
    }
  },
  "rewards": {
    "function": "projecte:rewards/red_matter_tools"
  }
}