{
    "display": {
        "title": {
            "translate": "advancement.projecte.red_matter.title",
            "fallback": "advancement.projecte.red_matter.title"
        },
        "description": {
            "translate": "advancement.projecte.red_matter.description",
            "fallback": "advancement.projecte.red_matter.description"
        },
        "icon": {
            "id": "minecraft:slime_ball",
            "components": {
                "custom_model_data": {
                    "strings": [
                        "2"
                    ],
                    "floats": [
                        2
                    ]
                }
            }
        },
        "frame": "task",
        "show_toast": true,
        "announce_to_chat": true,
        "hidden": false
    },
    "parent": "minecraft:projecte/dark_matter",
    "criteria": {
        "get_red_matter": {
            "trigger": "minecraft:inventory_changed",
            "conditions": {
                "items": [
                    {
                        "items": "minecraft:slime_ball",
                        "components": {
                            "minecraft:custom_model_data": {
                                "strings": [
                                    "2"
                                ]
                            }
                        }
                    }
                ]
            }
        }
    }
}