{
  "display": {
    "icon": {
      "id": "minecraft:popped_chorus_fruit",
      "components": {
          "custom_model_data": {
            "strings": [
              "1"
            ],
            "colors": []
        }
      }
    },
    "title": {
      "translate": "advancement.projecte.topic",
      "fallback": "advancement.projecte.topic"
    },
    "description": {
      "translate": "advancement.projecte.start",
      "fallback": "advancement.projecte.start"
    },
    "background": "minecraft:textures/gui/advancements/backgrounds/stone.png",
    "show_toast": true,
    "announce_to_chat": true,
    "hidden": false
  },
  "criteria": {
    "tick": {
      "trigger": "minecraft:tick"
    }
  }
}