{
    "custom.pewindmagic": {
        "sounds": [ "projecte:custom/pewindmagic" ],
        "subtitle": "pe.subtitle.pewindmagic"
    },
    "custom.pewatermagic": {
        "sounds": [ "projecte:custom/pewatermagic" ],
        "subtitle": "pe.subtitle.pewatermagic"
    },
    "custom.pepower": {
        "sounds": [ "projecte:custom/pepower" ],
        "subtitle": "pe.subtitle.pepower"
    },
    "custom.peheal": {
        "sounds": [ "projecte:custom/peheal" ],
        "subtitle": "pe.subtitle.peheal"
    },
    "custom.pedestruct": {
        "sounds": [ "projecte:custom/pedestruct" ],
        "subtitle": "pe.subtitle.pedestruct"
    },
    "custom.pecharge": {
        "sounds": [ "projecte:custom/pecharge" ],
        "subtitle": "pe.subtitle.pecharge"
    },
    "custom.peuncharge": {
        "sounds": [ "projecte:custom/peuncharge" ],
        "subtitle": "pe.subtitle.peuncharge"
    },
    "custom.petransmute": {
        "sounds": [ "projecte:custom/petransmute" ],
        "subtitle": "pe.subtitle.petransmute"
    },
    "custom.chargetick": {
        "sounds": [ "projecte:custom/chargetick" ],
        "subtitle": "pe.subtitle.chargetick"
    },
    "custom.gust": {
        "sounds": [ "projecte:custom/gust" ],
        "subtitle": "pe.subtitle.gust"
    },
    "custom.kinesis": {
        "sounds": [ "projecte:custom/kinesis" ],
        "subtitle": "pe.subtitle.kinesis"
    },
    "custom.launch": {
        "sounds": [ "projecte:custom/launch" ],
        "subtitle": "pe.subtitle.launch"
    },
    "custom.nova": {
        "sounds": [ "projecte:custom/nova" ],
        "subtitle": "pe.subtitle.nova"
    },
    "custom.philball": {
        "sounds": [ "projecte:custom/philball" ],
        "subtitle": "pe.subtitle.philball"
    },
    "custom.tock": {
        "sounds": [ "projecte:custom/tock" ],
        "subtitle": "pe.subtitle.tock"
    }
}
