{
    "model": {
        "type": "select",
        "property": "custom_model_data",
        "fallback": {
            "type": "model",
            "model": "item/coal"
        },
        "cases": [
            {
                "when": "1",
                "model": {
                    "type": "model",
                    "model": "item/custom/alchemical_coal"
                }
            },
            {
                "when": "2",
                "model": {
                    "type": "model",
                    "model": "item/custom/mobius_fuel"
                }
            },
            {
                "when": "3",
                "model": {
                    "type": "model",
                    "model": "item/custom/aeternalis_fuel"
                }
            }
        ]
    }
}