{
    "model": {
        "type": "select",
        "property": "custom_model_data",
        "fallback": {
            "type": "model",
            "model": "item/diamond_leggings"
        },
        "cases": [
            {
                "when": "1",
                "model": {
                    "type": "model",
                    "model": "item/custom/armor/dm/leggings"
                }
            },
            {
                "when": "2",
                "model": {
                    "type": "model",
                    "model": "item/custom/armor/rm/leggings"
                }
            },
            {
                "when": "3",
                "model": {
                    "type": "model",
                    "model": "item/custom/armor/gem/leggings"
                }
            }
        ]
    }
}