{
    "model": {
        "type": "select",
        "property": "custom_model_data",
        "fallback": {
            "type": "model",
            "model": "item/diamond_hoe"
        },  
        "cases": [
            {
                "when": "1",
                "model": {
                    "type": "model",
                    "model": "item/custom/star/1"
                }
            },
            {
                "when": "2",
                "model": {
                    "type": "model",
                    "model": "item/custom/star/2"
                }
            },
            {
                "when": "3",
                "model": {
                    "type": "model",
                    "model": "item/custom/star/3"
                }
            },
            {
                "when": "4",
                "model": {
                    "type": "model",
                    "model": "item/custom/star/4"
                }
            },
            {
                "when": "5",
                "model": {
                    "type": "model",
                    "model": "item/custom/star/5"
                }
            },
            {
                "when": "6",
                "model": {
                    "type": "model",
                    "model": "item/custom/star/6"
                }
            },
            {
                "when": "7",
                "model": {
                    "type": "model",
                    "model": "item/custom/tools/dark_matter/hoe"
                }
            },
            {
                "when": "8",
                "model": {
                    "type": "model",
                    "model": "item/custom/tools/red_matter/hoe"
                }
            },
            {
                "when": "10",
                "model": {
                    "type": "model",
                    "model": "item/custom/tools/red_matter/katar"
                }
            }
        ]
    }
}