{
    "model": {
        "type": "select",
        "property": "custom_model_data",
        "fallback": {
            "type": "model",
            "model": "item/diamond_pickaxe"
        },
        "cases": [
            {
                "when": "1",
                "model": {
                    "type": "model",
                    "model": "item/custom/tools/dark_matter/pickaxe"
                }
            },
            {
                "when": "2",
                "model": {
                    "type": "model",
                    "model": "item/custom/tools/red_matter/pickaxe"
                }
            },
            {
                "when": "3",
                "model": {
                    "type": "model",
                    "model": "item/custom/tools/dark_matter/hammer"
                }
            },
            {
                "when": "4",
                "model": {
                    "type": "model",
                    "model": "item/custom/tools/red_matter/hammer"
                }
            },
            {
                "when": "11",
                "model": {
                    "type": "model",
                    "model": "item/custom/tools/red_matter/morning_star"
                }
            }
        ]
    }
}