{
    "model": {
        "type": "select",
        "property": "custom_model_data",
        "fallback": {
            "type": "model",
            "model": "item/furnace"
        },
        "cases": [
            {
                "when": "1",
                "model": {
                    "type": "model",
                    "model": "item/custom/devices/dark_matter_furnace"
                }
            },
            {
                "when": "2",
                "model": {
                    "type": "model",
                    "model": "item/custom/devices/red_matter_furnace"
                }
            },
            {
                "when": "3",
                "model": {
                    "type": "model",
                    "model": "item/custom/devices/dark_matter_furnace_on"
                }
            },
            {
                "when": "4",
                "model": {
                    "type": "model",
                    "model": "item/custom/devices/red_matter_furnace_on"
                }
            }
        ]
    }
}