{
    "model": {
        "type": "select",
        "property": "custom_model_data",
        "fallback": {
            "type": "model",
            "model": "minecraft:item/golden_horse_armor"
        },
        "cases": [
            {
                "when": "1",
                "model": {
                    "type": "model",
                    "model": "item/custom/accessories/body_stone_off"
                }
            },
            {
                "when": "2",
                "model": {
                    "type": "model",
                    "model": "item/custom/accessories/soul_stone_off"
                }
            },
            {
                "when": "3",
                "model": {
                    "type": "model",
                    "model": "item/custom/accessories/life_stone_off"
                }
            },
            {
                "when": "4",
                "model": {
                    "type": "model",
                    "model": "item/custom/accessories/mind_stone_off"
                }
            },
            {
                "when": "19",
                "model": {
                    "type": "model",
                    "model": "item/custom/accessories/body_stone_on"
                }
            },
            {
                "when": "20",
                "model": {
                    "type": "model",
                    "model": "item/custom/accessories/soul_stone_on"
                }
            },
            {
                "when": "21",
                "model": {
                    "type": "model",
                    "model": "item/custom/accessories/life_stone_on"
                }
            },
            {
                "when": "22",
                "model": {
                    "type": "model",
                    "model": "item/custom/accessories/mind_stone_on"
                }
            },
            {
                "when": "23",
                "model": {
                    "type": "model",
                    "model": "item/custom/accessories/arcana_off"
                }
            }
        ]
    }
}