{
    "model": {
        "type": "select",
        "property": "custom_model_data",
        "fallback": {
            "type": "model",
            "model": "item/slime_ball"
        },
        "cases": [
            {
                "when": "1",
                "model": {
                    "type": "model",
                    "model": "item/custom/dark_matter"
                }
            },
            {
                "when": "2",
                "model": {
                    "type": "model",
                    "model": "item/custom/red_matter"
                }
            },
            {
                "when": "3",
                "model": {
                    "type": "model",
                    "model": "item/custom/dark_matter_block"
                }
            },
            {
                "when": "4",
                "model": {
                    "type": "model",
                    "model": "item/custom/red_matter_block"
                }
            }
        ]
    }
}