{
  "parent": "item/generated",
  "textures": {
    "layer0": "item/coal"
  },
  "overrides": [
    {
      "predicate": {
        "custom_model_data": 1
      },
      "model": "item/alchemical_coal"
    },
    {
      "predicate": {
        "custom_model_data": 2
      },
      "model": "item/mobius_fuel"
    },
    {
      "predicate": {
        "custom_model_data": 3
      },
      "model": "item/itemeternalis_fuel"
    }
  ],
  "model": {
    "type": "select",
    "property": "custom_model_data",
    "fallback": {
      "type": "model",
      "model": "item/coal"
    },
    "case": [
      {
        "when": "alchemical_coal",
        "model": {
          "type": "model",
          "model": "item/custom/alchemical_coal"
        }
      },
      {
        "when": "mobius_fuel",
        "model": {
          "type": "model",
          "model": "item/custom/mobius_fuel"
        }
      },
      {
        "when": "eternalis_fuel",
        "model": {
          "type": "model",
          "model": "item/custom/aeternalis_fuel"
        }
      }
    ]
  }
}