{
  "parent": "item/generated",
  "textures": {
    "layer0": "item/diamond_helmet"
  },
  "overrides": [
    {
      "predicate": {
        "custom_model_data": 1
      },
      "model": "item/custom/armor/dm/helmet"
    },
    {
      "predicate": {
        "custom_model_data": 2
      },
      "model": "item/custom/armor/rm/helmet"
    },
    {
        "predicate": {
            "custom_model_data": 4
        },
        "model": "item/custom/armor/gem/helmet"
    }
  ]
}