{
  "parent": "item/handheld",
  "textures": {
    "layer0": "item/diamond_hoe"
  },
  "overrides": [
    {
      "predicate": {
        "custom_model_data": 1
      },
      "model": "item/custom/klein_star_1"
    },
    {
      "predicate": {
        "custom_model_data": 2
      },
      "model": "item/custom/klein_star_2"
    },
    {
      "predicate": {
        "custom_model_data": 3
      },
      "model": "item/custom/klein_star_3"
    },
    {
      "predicate": {
        "custom_model_data": 4
      },
      "model": "item/custom/klein_star_4"
    },
    {
      "predicate": {
        "custom_model_data": 5
      },
      "model": "item/custom/klein_star_5"
    },
    {
      "predicate": {
        "custom_model_data": 6
      },
      "model": "item/custom/klein_star_6"
    },
    {
      "predicate": {
        "custom_model_data": 7
      },
      "model": "item/custom/tools/dark_matter/hoe"
    },
    {
      "predicate": {
        "custom_model_data": 8
      },
      "model": "item/custom/tools/red_matter/hoe"
    }
  ]
}