{
  "parent": "item/generated",
  "textures": {
    "layer0": "item/diamond_pickaxe"
  },
  "overrides": [
    {
      "predicate": {
        "custom_model_data": 1
      },
      "model": "item/custom/tools/dark_matter/pickaxe"
    },
    {
      "predicate": {
        "custom_model_data": 2
      },
      "model": "item/custom/tools/red_matter/pickaxe"
    },
    {
      "predicate": {
        "custom_model_data": 3
      },
      "model": "item/custom/tools/dark_matter/hammer"
    },
    {
      "predicate": {
        "custom_model_data": 4
      },
      "model": "item/custom/tools/red_matter/hammer"
    },
    {
      "predicate": {
        "custom_model_data": 11
      },
      "model": "item/custom/tools/red_matter/morning_star"
    }
  ]
}