{
  "parent": "item/generated",
  "textures": {
    "layer0": "item/diamond_chestplate"
  },
  "overrides": [
    {
      "predicate": {
        "custom_model_data": 1
      },
      "model": "item/custom/armor/dm/chest"
    },
    {
      "predicate": {
        "custom_model_data": 2
      },
      "model": "item/custom/armor/rm/chest"
    },
    {
        "predicate": {
            "custom_model_data": 3
        },
        "model": "item/custom/armor/gem/chest"
    }
  ]
}