{
  "parent": "minecraft:block/furnace",
  "overrides": [
    {
      "predicate": {
        "custom_model_data": 1
      },
      "model": "item/custom/devices/dark_matter_furnace"
    },
    {
      "predicate": {
        "custom_model_data": 2
      },
      "model": "item/custom/devices/red_matter_furnace"
    },
    {
      "predicate": {
        "custom_model_data": 3
      },
      "model": "item/custom/devices/dark_matter_furnace_on"
    },
    {
      "predicate": {
        "custom_model_data": 4
      },
      "model": "item/custom/devices/red_matter_furnace_on"
    }
  ]
}