{
  "parent": "item/generated",
  "textures": {
    "layer0": "item/glowstone_dust"
  },
  "overrides": [
    {
      "predicate": {
        "custom_model_data": 1
      },
      "model": "item/custom/convalence_dust/low"
    },
    {
      "predicate": {
        "custom_model_data": 2
      },
      "model": "item/custom/convalence_dust/medium"
    },
    {
      "predicate": {
        "custom_model_data": 3
      },
      "model": "item/custom/convalence_dust/high"
    }
  ]
}