{
  "parent": "item/generated",
  "textures": {
    "layer0": "item/golden_horse_armor"
  },
  "overrides": [
    {
      "predicate": {
        "custom_model_data": 1
      },
      "model": "item/custom/accessories/body_stone_off"
    },
    {
        "predicate": {
            "custom_model_data": 2
        },
        "model": "item/custom/accessories/soul_stone_off"
    },
    {
        "predicate": {
            "custom_model_data": 3
        },
        "model": "item/custom/accessories/life_stone_off"
    },
    {
        "predicate": {
            "custom_model_data": 4
        },
        "model": "item/custom/accessories/mind_stone_off"
    },
    {
        "predicate": {
            "custom_model_data": 19
        },
        "model": "item/custom/accessories/body_stone_on"
    },
    {
        "predicate": {
            "custom_model_data": 20
        },
        "model": "item/custom/accessories/soul_stone_on"
    },
    {
        "predicate": {
            "custom_model_data": 21
        },
        "model": "item/custom/accessories/life_stone_on"
    },
    {
        "predicate": {
            "custom_model_data": 22
        },
        "model": "item/custom/accessories/mind_stone_on"
    },
    {
        "predicate": {
            "custom_model_data": 23
        },
        "model": "item/custom/accessories/arcana_0"
    }
  ]
}