{
  "parent": "item/generated",
  "textures": {
    "layer0": "item/slime_ball"
  },
  "overrides": [
    {
      "predicate": {
        "custom_model_data": 1
      },
      "model": "item/custom/dark_matter"
    },
    {
      "predicate": {
        "custom_model_data": 2
      },
      "model": "item/red_matter"
    }
  ],
  "model": {
    "type": "select",
    "property": "custom_model_data",
    "fallback": {
      "type": "model",
      "model": "item/slime_ball"
    },
    "case": [
      {
        "when": "dark_matter",
        "model": {
          "type": "model",
          "model": "item/custom/dark_matter"
        }
      },
      {
        "when": "red_matter",
        "model": {
          "type": "model",
          "model": "item/custom/red_matter"
        }
      }
    ]
  }
}