{
  "parent": "item/generated",
  "textures": {
    "layer0": "item/slime_ball"
  },
  "overrides": [
    {
      "predicate": {
        "custom_model_data": 1
      },
      "model": "item/custom/dark_matter"
    },
    {
      "predicate": {
        "custom_model_data": 2
      },
      "model": "item/custom/red_matter"
    },
    {
      "predicate": {
        "custom_model_data": 3
      },
      "model": "item/custom/dark_matter_block"
    },
    {
      "predicate": {
        "custom_model_data": 4
      },
      "model": "item/custom/red_matter_block"
    }
  ]
}