{
  "display": {
    "icon": {
      "item": "minecraft:popped_chorus_fruit",
      "nbt": "{CustomModelData:1}"
    },
    "title": {
      "translate": "advancement.projecte.basetitle",
      "fallback": "advancement.projecte.basetitle"
    },
    "description": {
      "translate": "advancement.projecte.basedescription",
      "fallback": "advancement.projecte.basedescription"
    },
    "show_toast": true,
    "announce_to_chat": true,
    "hidden": false
  },
  "parent": "minecraft:projecte/root",
  "criteria": {
    "get_item": {
      "trigger": "minecraft:inventory_changed",
      "conditions": {
        "items": [
          {
            "items": ["minecraft:popped_chorus_fruit"]
          }
        ]
      }
    }
  }
}