{
    "display": {
        "title": {
            "translate": "advancement.projecte.dark_matter_furnace.title"
        },
        "description": {
            "translate": "advancement.projecte.dark_matter_furnace.description"
        },
        "icon": {
            "item": "minecraft:furnace",
            "nbt": "{CustomModelData:1}"
        },
        "frame": "challenge",
        "show_toast": true,
        "announce_to_chat": true,
        "hidden": false
    },
    "parent": "minecraft:projecte/dark_matter",
    "criteria": {
        "get_dark_matter_furnace": {
            "trigger": "minecraft:inventory_changed",
            "conditions": {
                "items": [
                    {
                        "items": [
                            "minecraft:furnace"
                        ],
                        "nbt": "{CustomModelData:1}"
                    }
                ]
            }
        }
    },
    "rewards": {
        "experience": 500
    }
}