{
    "display": {
        "title": "暗物质",
        "description": "获得一个暗物质",
        "icon": {
            "item": "minecraft:slime_ball",
            "nbt": "{CustomModelData:1}"
        },
        "frame": "task",
        "show_toast": true,
        "announce_to_chat": true,
        "hidden": false
    },
    "parent": "minecraft:projecte/bestcoalblock",
    "criteria": {
        "get_dark_matter": {
            "trigger": "minecraft:inventory_changed",
            "conditions": {
                "items": [
                    {
                        "items": [
                            "minecraft:slime_ball"
                        ],
                        "nbt": "{CustomModelData:1}"
                    }
                ]
            }
        }
    }
}