{
  "display": {
    "icon": {
      "item": "minecraft:diamond_helmet",
      "nbt": "{CustomModelData:1}"
    },
    "title": {
      "translate": "advancement.projecte.dark_matter_helmet",
      "fallback": "Dark Matter Helmet"
    },
    "description": {
      "translate": "advancement.projecte.get_dark_matter_helmet",
      "fallback": "Get a Dark Matter Helmet"
    },
    "frame": "task"
  },
  "parent": "minecraft:projecte/dark_matter",
  "criteria": {
    "get_dark_matter_helmet": {
      "trigger": "minecraft:inventory_changed",
      "conditions": {
        "items": [
          {
            "items": [
              "minecraft:diamond_helmet"
            ],
            "nbt": "{CustomModelData:1}"
          }
        ]
      }
    }
  }
}