{
  "display": {
    "icon": {
      "item": "minecraft:diamond_hoe",
      "nbt": "{CustomModelData:7}"
    },
    "title": {
      "translate": "advancement.projecte.dark_matter_hoe",
      "fallback": "Dark Matter Hoe"
    },
    "description": {
      "translate": "advancement.projecte.get_dark_matter_hoe",
      "fallback": "Get a Dark Matter Hoe"
    },
    "frame": "task"
  },
  "parent": "minecraft:projecte/dark_matter",
  "criteria": {
    "get_dark_matter_hoe": {
      "trigger": "minecraft:inventory_changed",
      "conditions": {
        "items": [
          {
            "items": [
              "minecraft:diamond_hoe"
            ],
            "nbt": "{CustomModelData:7}"
          }
        ]
      }
    }
  }
}