{
  "display": {
    "icon": {
      "item": "minecraft:coal",
      "nbt": "{CustomModelData:1}"
    },
    "title": {
      "translate": "advancement.projecte.firstcoal",
      "fallback": "advancement.projecte.firstcoal"
    },
    "description": {
      "translate": "advancement.projecte.getcoal",
      "fallback": "advancement.projecte.getcoal"
    },
    "frame": "task"
  },
  "parent": "minecraft:projecte/base",
  "criteria": {
    "get_coal": {
      "trigger": "minecraft:inventory_changed",
      "conditions": {
        "items": [
          {
            "items": [
              "minecraft:coal"
            ],
            "nbt": "{CustomModelData:1}"
          }
        ]
      }
    }
  }
}