{
  "display": {
    "icon": {
      "item": "minecraft:diamond_helmet",
      "nbt": "{CustomModelData:4}"
    },
    "title": {
      "translate": "advancement.projecte.gem_helmet.title",
      "fallback": "Abyss Helmet"
    },
    "description": {
      "translate": "advancement.projecte.gem_helmet.description",
      "fallback": "Forged from the heart of a thousand gems, this helmet grants clarity of thought amidst chaos, allowing you to see the world not as it is, but as it could be."
    },
    "frame": "challenge",
    "show_toast": true,
    "announce_to_chat": true,
    "hidden": false
  },
  "parent": "minecraft:projecte/red_matter_helmet",
  "criteria": {
    "get_gem_helmet": {
      "trigger": "minecraft:inventory_changed",
      "conditions": {
        "items": [
          {
            "items": [
              "minecraft:diamond_helmet"
            ],
            "nbt": "{CustomModelData:4}"
          }
        ]
      }
    }
  },
  "rewards": {
    "experience": 300
  }
}