{
    "display": {
        "title": {
            "translate": "advancements.projecte.medium_divining_rod.title"
        },
        "description": {
            "translate": "advancements.projecte.medium_divining_rod.description"
        },
        "icon": {
            "item": "minecraft:stick",
            "nbt": "{CustomModelData:2}"
        },
        "frame": "goal",
        "show_toast": true,
        "announce_to_chat": true,
        "hidden": false
    },
    "parent": "minecraft:projecte/medium_covalence_dust",
    "criteria": {
        "get_item": {
            "trigger": "minecraft:inventory_changed",
            "conditions": {
                "items": [
                    {
                        "items": [
                            "minecraft:stick"
                        ],
                        "nbt": "{CustomModelData:2}"
                    }
                ]
            }
        }
    }
}