{
  "display": {
    "icon": {
      "item": "minecraft:nether_star"
    },
    "title": {
      "translate": "advancement.projecte.nearly_invincible",
      "fallback": "Nearly Invincible"
    },
    "description": {
      "translate": "advancement.projecte.get_all_dark_matter_stuff",
      "fallback": "Obtain a full suit of Dark Matter Armor and all Dark Matter Tools"
    },
    "frame": "challenge",
    "show_toast": true,
    "announce_to_chat": true,
    "hidden": false
  },
  "parent": "minecraft:projecte/dark_matter",
  "criteria": {
    "get_pickaxe": {
      "trigger": "minecraft:inventory_changed",
      "conditions": {
        "items": [
          {
            "items": [
              "minecraft:diamond_pickaxe"
            ],
            "nbt": "{CustomModelData:1}"
          }
        ]
      }
    },
    "get_sword": {
      "trigger": "minecraft:inventory_changed",
      "conditions": {
        "items": [
          {
            "items": [
              "minecraft:diamond_sword"
            ],
            "nbt": "{CustomModelData:1}"
          }
        ]
      }
    },
    "get_axe": {
      "trigger": "minecraft:inventory_changed",
      "conditions": {
        "items": [
          {
            "items": [
              "minecraft:diamond_axe"
            ],
            "nbt": "{CustomModelData:1}"
          }
        ]
      }
    },
    "get_shovel": {
      "trigger": "minecraft:inventory_changed",
      "conditions": {
        "items": [
          {
            "items": [
              "minecraft:diamond_shovel"
            ],
            "nbt": "{CustomModelData:1}"
          }
        ]
      }
    },
    "get_shears": {
      "trigger": "minecraft:inventory_changed",
      "conditions": {
        "items": [
          {
            "items": [
              "minecraft:shears"
            ],
            "nbt": "{CustomModelData:1}"
          }
        ]
      }
    },
    "get_hoe": {
      "trigger": "minecraft:inventory_changed",
      "conditions": {
        "items": [
          {
            "items": [
              "minecraft:diamond_hoe"
            ],
            "nbt": "{CustomModelData:7}"
          }
        ]
      }
    },
    "get_helmet": {
      "trigger": "minecraft:inventory_changed",
      "conditions": {
        "items": [
          {
            "items": [
              "minecraft:diamond_helmet"
            ],
            "nbt": "{CustomModelData:1}"
          }
        ]
      }
    },
    "get_chestplate": {
      "trigger": "minecraft:inventory_changed",
      "conditions": {
        "items": [
          {
            "items": [
              "minecraft:diamond_chestplate"
            ],
            "nbt": "{CustomModelData:1}"
          }
        ]
      }
    },
    "get_leggings": {
      "trigger": "minecraft:inventory_changed",
      "conditions": {
        "items": [
          {
            "items": [
              "minecraft:diamond_leggings"
            ],
            "nbt": "{CustomModelData:1}"
          }
        ]
      }
    },
    "get_boots": {
      "trigger": "minecraft:inventory_changed",
      "conditions": {
        "items": [
          {
            "items": [
              "minecraft:diamond_boots"
            ],
            "nbt": "{CustomModelData:1}"
          }
        ]
      }
    }
  },
  "requirements": [
    [
      "get_pickaxe"
    ],
    [
      "get_sword"
    ],
    [
      "get_axe"
    ],
    [
      "get_shovel"
    ],
    [
      "get_shears"
    ],
    [
      "get_hoe"
    ],
    [
      "get_helmet"
    ],
    [
      "get_chestplate"
    ],
    [
      "get_leggings"
    ],
    [
      "get_boots"
    ]
  ]
}