{
  "display": {
    "icon": {
      "item": "minecraft:diamond_sword",
      "nbt": "{CustomModelData:10}"
    },
    "title": {
      "translate": "advancement.projecte.red_matter_katar",
      "fallback": "Red Matter Katar"
    },
    "description": {
      "translate": "advancement.projecte.get_red_matter_katar",
      "fallback": "Get a Red Matter Katar"
    },
    "frame": "challenge",
    "show_toast": true,
    "announce_to_chat": true,
    "hidden": false
  },
  "parent": "minecraft:projecte/red_matter_sword",
  "criteria": {
    "get_red_matter_katar": {
      "trigger": "minecraft:inventory_changed",
      "conditions": {
        "items": [
          {
            "items": [
              "minecraft:diamond_sword"
            ],
            "nbt": "{CustomModelData:10}"
          }
        ]
      }
    }
  },
  "rewards": {
    "function": "projecte:rewards/red_matter_tools"
  }
}