{
  "display": {
    "icon": {
      "item": "minecraft:diamond_leggings",
      "nbt": "{CustomModelData:2}"
    },
    "title": {
      "translate": "advancement.projecte.red_matter_leggings",
      "fallback": "Red Matter Leggings"
    },
    "description": {
      "translate": "advancement.projecte.get_red_matter_leggings",
      "fallback": "Get a Red Matter Leggings"
    },
    "frame": "task"
  },
  "parent": "minecraft:projecte/red_matter",
  "criteria": {
    "get_red_matter_leggings": {
      "trigger": "minecraft:inventory_changed",
      "conditions": {
        "items": [
          {
            "items": [
              "minecraft:diamond_leggings"
            ],
            "nbt": "{CustomModelData:2}"
          }
        ]
      }
    }
  }
}