{
  "display": {
    "icon": {
      "item": "minecraft:shears",
      "nbt": "{CustomModelData:2}"
    },
    "title": {
      "translate": "advancement.projecte.red_matter_shears",
      "fallback": "Red Matter Shears"
    },
    "description": {
      "translate": "advancement.projecte.get_red_matter_shears",
      "fallback": "Get Red Matter Shears"
    },
    "frame": "challenge"
  },
  "parent": "minecraft:projecte/red_matter",
  "criteria": {
    "get_red_matter_shears": {
      "trigger": "minecraft:inventory_changed",
      "conditions": {
        "items": [
          {
            "items": [
              "minecraft:shears"
            ],
            "nbt": "{CustomModelData:2}"
          }
        ]
      }
    }
  },
  "rewards": {
    "function": "projecte:rewards/red_matter_tools"
  }
}