{
  "display": {
    "icon": {
      "item": "minecraft:diamond_pickaxe",
      "nbt": "{CustomModelData:10}"
    },
    "title": {
      "translate": "advancement.projecte.red_matter_morning_star",
      "fallback": "Red Matter Morning Star"
    },
    "description": {
      "translate": "advancement.projecte.get_red_matter_morning_star",
      "fallback": "Get a Red Matter Morning Sta maybe this is your last achievement thanks for playing my plugin!ProjectE plugin by Little_100!"
    },
    "frame": "challenge",
    "show_toast": true,
    "announce_to_chat": true,
    "hidden": false
  },
  "parent": "minecraft:projecte/red_matter_pickaxe",
  "criteria": {
    "get_red_matter_morning_star": {
      "trigger": "minecraft:inventory_changed",
      "conditions": {
        "items": [
          {
            "items": [
              "minecraft:diamond_pickaxe"
            ],
            "nbt": "{CustomModelData:11}"
          }
        ]
      }
    }
  },
  "rewards": {
    "function": "projecte:rewards/red_matter_tools"
  }
}