{
    "display": {
        "title": "红物质",
        "description": "获得一个红物质",
        "icon": {
            "item": "minecraft:slime_ball",
            "nbt": "{CustomModelData:2}"
        },
        "frame": "task",
        "show_toast": true,
        "announce_to_chat": true,
        "hidden": false
    },
    "parent": "minecraft:projecte/dark_matter_block",
    "criteria": {
        "get_red_matter": {
            "trigger": "minecraft:inventory_changed",
            "conditions": {
                "items": [
                    {
                        "items": [
                            "minecraft:slime_ball"
                        ],
                        "nbt": "{CustomModelData:2}"
                    }
                ]
            }
        }
    }
}