{
    "display": {
        "title": {
            "translate": "advancements.projecte.repair_talisman.title"
        },
        "description": {
            "translate": "advancements.projecte.repair_talisman.description"
        },
        "icon": {
            "item": "minecraft:paper",
            "nbt": "{CustomModelData:1}"
        },
        "frame": "task",
        "show_toast": true,
        "announce_to_chat": true,
        "hidden": false
    },
    "parent": "minecraft:projecte/high_covalence_dust",
    "criteria": {
        "get_item": {
            "trigger": "minecraft:inventory_changed",
            "conditions": {
                "items": [
                    {
                        "items": [
                            "minecraft:paper"
                        ],
                        "nbt": "{CustomModelData:1}"
                    }
                ]
            }
        }
    }
}