{
  "display": {
    "icon": {
      "item": "minecraft:popped_chorus_fruit",
      "nbt": "{CustomModelData:1}"
    },
    "title": {
      "translate": "advancement.projecte.topic",
      "fallback": "advancement.projecte.topic"
    },
    "description": {
      "translate": "advancement.projecte.start",
      "fallback": "advancement.projecte.start"
    },
    "background": "minecraft:textures/gui/advancements/backgrounds/stone.png",
    "show_toast": true,
    "announce_to_chat": true,
    "hidden": false
  },
  "criteria": {
    "tick": {
      "trigger": "minecraft:tick"
    }
  }
}