{
  "display": {
    "icon": {
      "item": "minecraft:petrified_oak_slab"
    },
    "title": {
      "translate": "advancement.projecte.transmutation_table.title",
      "fallback": "advancement.projecte.transmutation_table.title"
    },
    "description": {
      "translate": "advancement.projecte.transmutation_table.description",
      "fallback": "advancement.projecte.transmutation_table.description"
    },
    "show_toast": true,
    "announce_to_chat": true,
    "hidden": false,
    "frame": "challenge"
  },
  "parent": "minecraft:projecte/base",
  "criteria": {
    "get_item": {
      "trigger": "minecraft:inventory_changed",
      "conditions": {
        "items": [
          {
            "item": "minecraft:petrified_oak_slab"
          }
        ]
      }
    }
  },
  "rewards": {
    "function": "projecte:rewards/transmutation_table"
  }
}