{
	"format_version": "1.21.6",
	"credit": "Model generated using MrCrayfish's Model Creator (http://mrcrayfish.com/modelcreator/)",
	"textures": {
		"2": "item/condenser"
	},
	"elements": [
		{
			"name": "body",
			"from": [1, 0, 1],
			"to": [15, 10, 15],
			"faces": {
				"north": {"uv": [3.5, 8.3, 7, 10.7], "texture": "#2"},
				"east": {"uv": [0, 8.3, 3.5, 10.7], "texture": "#2"},
				"south": {"uv": [0, 8.3, 3.5, 10.7], "texture": "#2"},
				"west": {"uv": [0, 8.3, 3.5, 10.7], "texture": "#2"},
				"up": {"uv": [3.5, 4.7, 7, 8.3], "texture": "#2"},
				"down": {"uv": [7, 4.8, 10.5, 8.2], "texture": "#2"}
			}
		},
		{
			"name": "lid",
			"from": [1, 10, 1],
			"to": [15, 15, 15],
			"faces": {
				"north": {"uv": [3.5, 3.4, 7, 4.8], "texture": "#2"},
				"east": {"uv": [0, 3.5, 3.5, 4.7], "texture": "#2"},
				"south": {"uv": [0, 3.5, 3.5, 4.7], "texture": "#2"},
				"west": {"uv": [0, 3.5, 3.5, 4.7], "texture": "#2"},
				"up": {"uv": [3.5, 0, 7, 3.5], "texture": "#2"},
				"down": {"uv": [7, 0, 10.5, 3.5], "texture": "#2"}
			}
		},
		{
			"name": "latch",
			"from": [7, 8, 0],
			"to": [9, 12, 1],
			"faces": {
				"north": {"uv": [0.3, 0, 1, 1], "texture": "#2"},
				"east": {"uv": [0, 0, 0, 1], "texture": "#2"},
				"south": {"uv": [0, 0, 0.5, 1.2], "texture": "#2"},
				"west": {"uv": [0, 0, 0, 1], "texture": "#2"},
				"up": {"uv": [0, 0, 1, 1], "texture": "#2"},
				"down": {"uv": [0, 0, 1, 1], "texture": "#2"}
			}
		}
	],
	"display": {
		"thirdperson_righthand": {
			"rotation": [60, 30, 0],
			"scale": [0.5, 0.5, 0.5]
		},
		"thirdperson_lefthand": {
			"rotation": [60, 30, 0],
			"scale": [0.5, 0.5, 0.5]
		},
		"firstperson_righthand": {
			"rotation": [0, 120, 0],
			"scale": [0.5, 0.5, 0.5]
		},
		"firstperson_lefthand": {
			"rotation": [0, 120, 0],
			"scale": [0.5, 0.5, 0.5]
		},
		"ground": {
			"scale": [0.5, 0.5, 0.5]
		},
		"gui": {
			"rotation": [30, -140, 0],
			"scale": [0.65, 0.65, 0.65]
		},
		"head": {
			"scale": [2.15, 2.15, 2.15]
		},
		"fixed": {
			"scale": [0.5, 0.5, 0.5]
		}
	}
}